slug1,slug2
painfully-smiling-gujarati-standup-comedy-show-by-amit-khuva-porbandar-dec27-2024,painfully-smiling-gujarati-standup-comedy-show-by-amit-khuva-porbandar-dec27-2024-ny2025
alang-madan-kulang-trek-dec27-2024,alang-madan-kulang-trek-dec27-2024-ny2025
global-startups-club-startup-networking-dec28-2024,global-startups-club-startup-networking-dec28-2024-ny2025
business-networking-gurugram-dec28-2024,business-networking-gurugram-dec28-2024-ny2025
entrepreneurs-meetup-by-we-founders-collab-dec28-2024,entrepreneurs-meetup-by-we-founders-collab-dec28-2024-ny2025
global-startups-club-l-startup-networking-2024-hyderabad,global-startups-club-l-startup-networking-2024-hyderabad-ny2025
global-startups-club-startup-networking-bengaluru,global-startups-club-startup-networking-bengaluru-ny2025
business-networking-bengaluru,business-networking-bengaluru-ny2025
entrepreneurs-meetup-by-we-founders-collab-bengaluru,entrepreneurs-meetup-by-we-founders-collab-bengaluru-ny2025
a-day-trip-by-sounds-good-dec28-2024,a-day-trip-by-sounds-good-dec28-2024-ny2025
rifle-dec28-2024,rifle-dec28-2024-ny2025
vagabond-pyjama-party-not-a-new-years-camp-dec28-2024,vagabond-pyjama-party-not-a-new-years-camp-dec28-2024-ny2025
sanjay-sabha-live-chennai-28-december-2024-4-pm-dec28-2024,sanjay-sabha-live-chennai-28-december-2024-4-pm-dec28-2024-ny2025
pyramid-goa-dec28-2024,pyramid-goa-dec28-2024-ny2025
ben-bohmer-bloomlive-delhi-ncr-dec28-2024,ben-bohmer-bloomlive-delhi-ncr-dec28-2024-ny2025
kolkata-sings-for-kk-dec28-2024,kolkata-sings-for-kk-dec28-2024-ny2025
new-year-fiestanew-year-party-in-kasolcosmic-kasol-dec28-2024,new-year-fiestanew-year-party-in-kasolcosmic-kasol-dec28-2024-ny2025
thaikudam-bridge-dec28-2024,thaikudam-bridge-dec28-2024-ny2025
sanjay-sabha-live-chennai-28-december-2024-7-pm-dec28-2024,sanjay-sabha-live-chennai-28-december-2024-7-pm-dec28-2024-ny2025
painfully-smiling-gujarati-standup-comedy-show-by-amit-khuva-veraval-dec28-2024,painfully-smiling-gujarati-standup-comedy-show-by-amit-khuva-veraval-dec28-2024-ny2025
circus-x-namascray-experience-2024,circus-x-namascray-experience-2024-ny2025
krank-goa-2024-at-salud-dec28-2024,krank-goa-2024-at-salud-dec28-2024-ny2025
7-day-new-years-thai-island-hopping-group-tour-dec29-2024,7-day-new-years-thai-island-hopping-group-tour-dec29-2024-ny2025
eden-of-sounds-technotakeover-dec29-2024,eden-of-sounds-technotakeover-dec29-2024-ny2025
pawan-singh-live-concert-dec29-2024,pawan-singh-live-concert-dec29-2024-ny2025
reverb-rti-present-agents-of-time-kolkata,reverb-rti-present-agents-of-time-kolkata-ny2025
jodhpur-jaisalmer-new-year-group-trip-dec29-2024,jodhpur-jaisalmer-new-year-group-trip-dec29-2024-ny2025
utshorgo-sahana-bajpaie-ekok-dec29-2024,utshorgo-sahana-bajpaie-ekok-dec29-2024-ny2025
painfully-smiling-gujarati-standup-comedy-show-by-amit-khuva-amreli-dec29-2024,painfully-smiling-gujarati-standup-comedy-show-by-amit-khuva-amreli-dec29-2024-ny2025
kalakaarii-live-telugu-regional-band-dec29-2024,kalakaarii-live-telugu-regional-band-dec29-2024-ny2025
desert-bliss-pushkar-new-year-party-2025-dec30-2024,desert-bliss-pushkar-new-year-party-2025-dec30-2024-ny2025
the-biggest-new-year-eve-festival-at-pawna-lake-camping-lonavala-2024-ny-2025-dec31-2024,the-biggest-new-year-eve-festival-at-pawna-lake-camping-lonavala-2024-ny-2025-dec31-2024-ny2025
kasol-rave-new-year-celebration-2025-kasol-ny-2025-dec31-2024,kasol-rave-new-year-celebration-2025-kasol-ny-2025-dec31-2024-ny2025
31-december-new-year-party-2025-dj-night-event-nye-2025--dec31-2024,31-december-new-year-party-2025-dj-night-event-nye-2025--dec31-2024-ny2025
31-december-2025-shivarmachi-panshet-dam-2025-dec31-2024,31-december-2025-shivarmachi-panshet-dam-2025-dec31-2024-ny2025
parvati-shangrila-festival-90-new-year-eve-celebration-dec31-2024,parvati-shangrila-festival-90-new-year-eve-celebration-dec31-2024-ny2025
nye-2025-royal-greek-gala-dec31-2024,nye-2025-royal-greek-gala-dec31-2024-ny2025
new-year-tandav-20242025-dec31-2024,new-year-tandav-20242025-dec31-2024-ny2025
new-years-eve-pawna-lakeside-camping-2025-dec31-2024,new-years-eve-pawna-lakeside-camping-2025-dec31-2024-ny2025
new-year-party-2025-on-pawana-dam-lonavala-dj-night-31st-december-dec31-2024,new-year-party-2025-on-pawana-dam-lonavala-dj-night-31st-december-dec31-2024-ny2025
new-years-eve-at-gypsy-soul-panshet-nye-2025-dec31-2024,new-years-eve-at-gypsy-soul-panshet-nye-2025-dec31-2024-ny2025
31st-december-2025-new-year-parties-pune-nye-celebrations-2025-dec31-2024,31st-december-2025-new-year-parties-pune-nye-celebrations-2025-dec31-2024-ny2025
new-year-biggest-pune-panshet-dam-2025celebration-nyeparties-event-2025-dec31-2024,new-year-biggest-pune-panshet-dam-2025celebration-nyeparties-event-2025-dec31-2024-ny2025
pawana-camping-new-year-bash-2025-dec31-2024,pawana-camping-new-year-bash-2025-dec31-2024-ny2025
kasol-calling-katagla-dec31-2024,kasol-calling-katagla-dec31-2024-ny2025
new-year-party-glamping-dec31-2024,new-year-party-glamping-dec31-2024-ny2025
full-moon-new-years-eve-2025-shillong-meghalaya-dec31-2024,full-moon-new-years-eve-2025-shillong-meghalaya-dec31-2024-ny2025
new-year-party-01-dec31-2024,new-year-party-01-dec31-2024-ny2025
one-night-in-dxb-dec31-2024,one-night-in-dxb-dec31-2024-ny2025
mohit-vig-dec31-2024,mohit-vig-dec31-2024-ny2025
new-york-city-2025-new-year-eve-party-at-vrr-astoria-resort-dec31-2024,new-york-city-2025-new-year-eve-party-at-vrr-astoria-resort-dec31-2024-ny2025
hawaii-2025-at-meenakshi-resort-new-year-eve-party-dec31-2024,hawaii-2025-at-meenakshi-resort-new-year-eve-party-dec31-2024-ny2025
countdown-carnival-2025-dec31-2024,countdown-carnival-2025-dec31-2024-ny2025
bigshots-new-year-eve-2025-dec31-2024,bigshots-new-year-eve-2025-dec31-2024-ny2025
aagaz-2k25-4o-bhopal-biggest-new-year-party-dec31-2024,aagaz-2k25-4o-bhopal-biggest-new-year-party-dec31-2024-ny2025
fusion-2025-dec31-2024,fusion-2025-dec31-2024-ny2025
new-year-party-las-vegas-2025-dec31-2024,new-year-party-las-vegas-2025-dec31-2024-ny2025
sterlings-31st-new-year-celebration-2024-dec31-2024,sterlings-31st-new-year-celebration-2024-dec31-2024-ny2025
full-moon-new-years-eve-2025-pondicherry-dec31-2024,full-moon-new-years-eve-2025-pondicherry-dec31-2024-ny2025
countdown-fiesta-2k25-dec31-2024,countdown-fiesta-2k25-dec31-2024-ny2025
punes-most-luxurious-nye-2025-at-indias-biggest-nightclub-dec31-2024,punes-most-luxurious-nye-2025-at-indias-biggest-nightclub-dec31-2024-ny2025
go-ranch-resort-new-year-celebrations-dec31-2024,go-ranch-resort-new-year-celebrations-dec31-2024-ny2025
new-year-party-2025-big-pitcher-indiranagar-bengaluru-dec31-2024,new-year-party-2025-big-pitcher-indiranagar-bengaluru-dec31-2024-ny2025
new-year-party-2025-big-pitcher-sarjapur-bengaluru-dec31-2024,new-year-party-2025-big-pitcher-sarjapur-bengaluru-dec31-2024-ny2025
new-years-eve-bash-2025-at-oney-by-hammered-dec31-2024,new-years-eve-bash-2025-at-oney-by-hammered-dec31-2024-ny2025
one-night-in-vegas-2025-dec31-2024,one-night-in-vegas-2025-dec31-2024-ny2025
new-year-bash-2025-dec31-2024,new-year-bash-2025-dec31-2024-ny2025
shruti-haldipur-dec31-2024,shruti-haldipur-dec31-2024-ny2025
new-years-eve-31st-night-party-grand-party-at-resort-dec31-2024,new-years-eve-31st-night-party-grand-party-at-resort-dec31-2024-ny2025
skyfall-2025-nye-at-gatsby-bannerghatta-dec31-2024,skyfall-2025-nye-at-gatsby-bannerghatta-dec31-2024-ny2025
prohibition-week-pachhis-dec31-2024,prohibition-week-pachhis-dec31-2024-ny2025
new-year-party-lucknow-2025-dec31-2024,new-year-party-lucknow-2025-dec31-2024-ny2025
new-year-eve-2024-ramada-gurgaon-central-dec31-2024,new-year-eve-2024-ramada-gurgaon-central-dec31-2024-ny2025
light-it-up-new-years-eve-at-circuit-7-dec31-2024,light-it-up-new-years-eve-at-circuit-7-dec31-2024-ny2025
lpk-new-years-eve-2025-dec31-2024,lpk-new-years-eve-2025-dec31-2024-ny2025
lollapalooza-20-nye-party-dec31-2024,lollapalooza-20-nye-party-dec31-2024-ny2025
a-night-in-paris-new-years-eve-2025-dec31-2024,a-night-in-paris-new-years-eve-2025-dec31-2024-ny2025
the-royal-affair-masquerade-ball-nye-2024-dec31-2024,the-royal-affair-masquerade-ball-nye-2024-dec31-2024-ny2025
hangover-the-blingin-ball-dec31-2024,hangover-the-blingin-ball-dec31-2024-ny2025
the-biggest-new-year-eve-festival-2024-ny-2025-dec31-2024,the-biggest-new-year-eve-festival-2024-ny-2025-dec31-2024-ny2025
beauty-of-nainital-tour-with-jhakaas-bus-dec31-2024,beauty-of-nainital-tour-with-jhakaas-bus-dec31-2024-ny2025
new-year-party-2025-in-farm-house-with-unlimited-food-dec31-2024,new-year-party-2025-in-farm-house-with-unlimited-food-dec31-2024-ny2025
krank-x-salud-nye-2025-dec31-2024,krank-x-salud-nye-2025-dec31-2024-ny2025
elitify-2025-dec31-2024,elitify-2025-dec31-2024-ny2025
hope-for-300-homeless-jan1-2025,hope-for-300-homeless-jan1-2025-ny2025